utcDay,count
15642,5
15643,5
15644,5
15645,5
15646,5
15647,5
15648,5
15649,5
15650,5
15651,5
15652,5
15653,5
15654,5
15655,5
15656,5
15657,5
15658,5
15659,5
15660,5
15661,6
15662,6
15663,6
15664,6
15665,6
15666,6
15667,6
15668,6
15669,6
15670,6
15671,6
15672,6
15673,6
15674,6
15675,6
15676,6
15677,6
15678,6
15679,6
15680,6
15681,6
15682,6
15683,6
15684,6
15685,6
15686,6
15687,6
15688,6
15689,6
15690,6
15691,6
15692,6
15693,6
15694,6
15695,6
15696,6
15697,6
15698,6
15699,6
15700,6
15701,6
15702,6
15703,6
15704,6
15705,6
15706,6
15707,6
15708,6
15709,6
15710,6
15711,6
15712,6
15713,6
15714,6
15715,6
15716,6
15717,6
15718,6
15719,6
15720,6
15721,6
15722,6
15723,8
15724,8
15725,9
15726,9
15727,9
15728,9
15729,9
15730,9
15731,9
15732,9
15733,9
15734,9
15735,9
15736,9
15737,9
15738,9
15739,9
15740,9
15741,9
15742,9
15743,9
15744,9
15745,9
15746,9
15747,9
15748,9
15749,9
15750,9
15751,9
15752,9
15753,9
15754,9
15755,9
15756,9
15757,9
15758,9
15759,11
15760,11
15761,11
15762,11
15763,11
15764,11
15765,11
15766,11
15767,11
15768,11
15769,11
15770,11
15771,11
15772,11
15773,11
15774,11
15775,11
15776,11
15777,11
15778,11
15779,11
15780,11
15781,11
15782,11
15783,11
15784,11
15785,12
15786,12
15787,12
15788,12
15789,12
15790,12
15791,12
15792,12
15793,13
15794,13
15795,13
15796,13
15797,13
15798,13
15799,13
15800,13
15801,13
15802,13
15803,13
15804,13
15805,13
15806,13
15807,13
15808,13
15809,13
15810,13
15811,13
15812,13
15813,13
15814,13
15815,13
15816,13
15817,13
15818,13
15819,13
15820,13
15821,13
15822,13
15823,13
15824,13
15825,13
15826,13
15827,15
15828,15
15829,15
15830,15
15831,15
15832,15
15833,15
15834,15
15835,15
15836,15
15837,15
15838,15
15839,15
15840,15
15841,15
15842,15
15843,15
15844,15
15845,15
15846,15
15847,15
15848,15
15849,15
15850,15
15851,15
15852,15
15853,15
15854,15
15855,15
15856,15
15857,15
15858,15
15859,15
15860,15
15861,15
15862,15
15863,15
15864,15
15865,15
15866,15
15867,15
15868,15
15869,15
15870,15
15871,15
15872,15
15873,15
15874,15
15875,15
15876,15
15877,15
15878,15
15879,15
15880,15
15881,15
15882,15
15883,15
15884,15
15885,15
15886,15
15887,15
15888,15
15889,15
15890,15
15891,15
15892,15
15893,15
15894,15
15895,15
15896,15
15897,15
15898,15
15899,15
15900,15
15901,15
15902,15
15903,15
15904,15
15905,15
15906,15
15907,15
15908,15
15909,15
15910,16
15911,16
15912,16
15913,16
15914,16
15915,16
15916,16
15917,16
15918,16
15919,16
15920,16
15921,16
15922,16
15923,16
15924,16
15925,16
15926,16
15927,16
15928,16
15929,16
15930,16
15931,16
15932,16
15933,16
15934,16
15935,16
15936,16
15937,16
15938,16
15939,16
15940,16
15941,16
15942,16
15943,16
15944,16
15945,16
15946,16
15947,16
15948,16
15949,16
15950,16
15951,16
15952,16
15953,16
15954,16
15955,16
15956,16
15957,16
15958,16
15959,16
15960,16
15961,16
15962,16
15963,16
15964,16
15965,16
15966,16
15967,16
15968,16
15969,17
15970,17
15971,18
15972,18
15973,18
15974,18
15975,18
15976,18
15977,18
15978,18
15979,18
15980,18
15981,18
15982,18
15983,18
15984,18
15985,18
15986,18
15987,18
15988,18
15989,18
15990,18
15991,20
15992,20
15993,20
15994,20
15995,20
15996,20
15997,20
15998,21
15999,22
16000,22
16001,22
16002,22
16003,22
16004,22
16005,22
16006,22
16007,22
16008,22
16009,22
16010,22
16011,22
16012,22
16013,22
16014,22
16015,22
16016,22
16017,23
16018,23
16019,23
16020,23
16021,23
16022,23
16023,24
16024,24
16025,24
16026,24
16027,24
16028,24
16029,24
16030,24
16031,25
16032,25
16033,25
16034,25
16035,25
16036,25
16037,25
16038,25
16039,25
16040,25
16041,26
16042,26
16043,26
16044,27
16045,27
16046,28
16047,28
16048,28
16049,28
16050,28
16051,28
16052,28
16053,28
16054,28
16055,28
16056,28
16057,28
16058,28
16059,28
16060,29
16061,29
16062,30
16063,30
16064,30
16065,30
16066,30
16067,30
16068,30
16069,30
16070,30
16071,30
16072,30
16073,30
16074,30
16075,31
16076,31
16077,31
16078,31
16079,31
16080,31
16081,32
16082,32
16083,33
16084,33
16085,33
16086,33
16087,33
16088,33
16089,33
16090,32
16091,32
16092,32
16093,32
16094,32
16095,33
16096,33
16097,33
16098,33
16099,33
16100,33
16101,33
16102,33
16103,33
16104,33
16105,33
16106,33
16107,33
16108,33
16109,33
16110,33
16111,33
16112,33
16113,33
16114,33
16115,33
16116,33
16117,33
16118,33
16119,33
16120,33
16121,33
16122,33
16123,33
16124,34
16125,34
16126,34
16127,34
16128,34
16129,34
16130,34
16131,34
16132,34
16133,34
16134,34
16135,34
16136,34
16137,35
16138,35
16139,36
16140,36
16141,36
16142,36
16143,36
16144,36
16145,36
16146,37
16147,37
16148,37
16149,37
16150,37
16151,37
16152,37
16153,37
16154,37
16155,37
16156,37
16157,37
16158,38
16159,38
16160,38
16161,38
16162,38
16163,38
16164,38
16165,38
16166,38
16167,38
16168,38
16169,38
16170,39
16171,39
16172,39
16173,39
16174,40
16175,40
16176,40
16177,40
16178,40
16179,41
16180,41
16181,42
16182,42
16183,42
16184,42
16185,42
16186,42
16187,43
16188,44
16189,44
16190,44
16191,44
16192,44
16193,44
16194,44
16195,45
16196,45
16197,45
16198,45
16199,45
16200,46
16201,47
16202,47
16203,47
16204,47
16205,47
16206,48
16207,48
16208,48
16209,48
16210,48
16211,49
16212,49
16213,50
16214,50
16215,50
16216,50
16217,50
16218,50
16219,50
16220,50
16221,50
16222,50
16223,50
16224,50
16225,50
16226,50
16227,50
16228,50
16229,54
16230,54
16231,54
16232,54
16233,54
16234,54
16235,54
16236,56
16237,57
16238,57
16239,57
16240,58
16241,58
16242,59
16243,60
16244,60
16245,60
16246,60
16247,61
16248,62
16249,61
16250,62
16251,64
16252,64
16253,68
16254,68
16255,69
16256,70
16257,70
16258,73
16259,73
16260,73
16261,75
16262,75
16263,75
16264,75
16265,79
16266,83
16267,84
16268,85
16269,86
16270,86
16271,86
16272,86
16273,87
16274,88
16275,90
16276,92
16277,93
16278,93
16279,96
16280,96
16281,110
16282,112
16283,115
16284,115
16285,115
16286,117
16287,119
16288,119
16289,120
16290,121
16291,122
16292,122
16293,124
16294,126
16295,127
16296,128
16297,130
16298,131
16299,132
16300,136
16301,136
16302,141
16303,144
16304,145
16305,145
16306,145
16307,148
16308,155
16309,163
16310,166
16311,166
16312,166
16313,168
16314,168
16315,170
16316,171
16317,173
16318,175
16319,175
16320,178
16321,179
16322,180
16323,179
16324,180
16325,181
16326,181
16327,181
16328,181
16329,181
16330,187
16331,187
16332,190
16333,191
16334,193
16335,193
16336,196
16337,197
16338,199
16339,201
16340,201
16341,202
16342,204
16343,205
16344,206
16345,209
16346,211
16347,213
16348,214
16349,215
16350,215
16351,216
16352,219
16353,219
16354,220
16355,223
16356,230
16357,230
16358,233
16359,234
16360,237
16361,238
16362,241
16363,243
16364,244
16365,245
16366,248
16367,252
16368,253
16369,255
16370,256
16371,257
16372,258
16373,258
16374,261
16375,263
16376,265
16377,264
16378,264
16379,266
16380,267
16381,267
16382,269
16383,269
16384,270
16385,271
16386,273
16387,274
16388,276
16389,277
16390,279
16391,281
16392,283
16393,283
16394,284
16395,284
16396,285
16397,286
16398,286
16399,289
16400,289
16401,290
16402,290
16403,290
16404,291
16405,290
16406,294
16407,295
16408,296
16409,296
16410,298
16411,299
16412,302
16413,305
16414,305
16415,307
16416,309
16417,310
16418,310
16419,311
16420,312
16421,313
16422,314
16423,315
16424,317
16425,320
16426,322
16427,324
16428,325
16429,327
16430,329
16431,330
16432,330
16433,331
16434,333
16435,333
16436,334
16437,335
16438,336
16439,337
16440,337
16441,342
16442,344
16443,347
16444,348
16445,349
16446,351
16447,352
16448,356
16449,358
16450,358
16451,360
16452,363
16453,363
16454,364
16455,364
16456,368
16457,369
16458,371
16459,373
16460,375
16461,375
16462,378
16463,379
16464,381
16465,383
16466,383
16467,387
16468,388
16469,388
16470,390
16471,394
16472,398
16473,399
16474,405
16475,407
16476,409
16477,423
16478,428
16479,430
16480,432
16481,433
16482,438
16483,443
16484,443
16485,445
16486,445
16487,447
16488,451
16489,453
16490,454
16491,454
16492,458
16493,459
16494,459
16495,461
16496,462
16497,464
16498,466
16499,469
16500,472
16501,477
16502,478
16503,480
16504,482
16505,483
16506,486
16507,488
16508,491
16509,492
16510,493
16511,493
16512,498
16513,542
16514,567
16515,570
16516,574
16517,574
16518,576
16519,576
16520,577
16521,579
16522,579
16523,580
16524,580
16525,580
16526,580
16527,580
16528,583
16529,585
16530,587
16531,594
16532,599
16533,603
16534,604
16535,606
16536,608
16537,610
16538,613
16539,619
16540,621
16541,623
16542,625
16543,627
16544,630
16545,629
16546,634
16547,641
16548,646
16549,648
16550,649
16551,653
16552,656
16553,659
16554,663
16555,664
16556,663
16557,665
16558,670
16559,673
16560,676
16561,680
16562,683
16563,685
16564,685
16565,685
16566,687
16567,689
16568,693
16569,694
16570,698
16571,701
16572,701
16573,706
16574,710
16575,712
16576,715
16577,716
16578,716
16579,716
16580,719
16581,721
16582,722
16583,722
16584,724
16585,727
16586,726
16587,728
16588,730
16589,731
16590,731
16591,732
16592,732
16593,732
16594,734
16595,737
16596,737
16597,740
16598,743
16599,746
16600,747
16601,748
16602,750
16603,752
16604,753
16605,757
16606,759
16607,759
16608,762
16609,765
16610,767
16611,768
16612,771
16613,771
16614,772
16615,779
16616,782
16617,785
16618,788
16619,788
16620,792
16621,793
16622,795
16623,798
16624,802
16625,828
16626,833
16627,837
16628,842
16629,845
16630,848
16631,850
16632,852
16633,856
16634,857
16635,860
16636,865
16637,869
16638,870
16639,875
16640,882
16641,884
16642,895
16643,897
16644,902
16645,905
16646,914
16647,920
16648,925
16649,928
16650,928
16651,933
16652,936
16653,939
16654,940
16655,943
16656,946
16657,950
16658,957
16659,961
16660,965
16661,969
16662,974
16663,977
16664,979
16665,996
16666,1001
16667,1002
16668,1008
16669,1008
16670,1009
16671,1012
16672,1014
16673,1016
16674,1020
16675,1022
16676,1025
16677,1026
16678,1039
16679,1043
16680,1060
16681,1077
16682,1096
16683,1101
16684,1106
16685,1109
16686,1114
16687,1118
16688,1126
16689,1129
16690,1136
16691,1137
16692,1141
16693,1143
16694,1146
16695,1157
16696,1164
16697,1168
16698,1170
16699,1174
16700,1179
16701,1189
16702,1193
16703,1193
16704,1198
16705,1201
16706,1203
16707,1205
16708,1209
16709,1218
16710,1225
16711,1225
16712,1229
16713,1232
16714,1237
16715,1243
16716,1258
16717,1262
16718,1265
16719,1267
16720,1273
16721,1283
16722,1289
16723,1297
16724,1302
16725,1306
16726,1309
16727,1313
16728,1324
16729,1326
16730,1333
16731,1343
16732,1349
16733,1354
16734,1366
16735,1377
16736,1379
16737,1388
16738,1393
16739,1405
16740,1412
16741,1420
16742,1430
16743,1435
16744,1437
16745,1448
16746,1451
16747,1455
16748,1460
16749,1459
16750,1464
16751,1466
16752,1470
16753,1473
16754,1475
16755,1480
16756,1487
16757,1492
16758,1498
16759,1502
16760,1505
16761,1509
16762,1516
16763,1522
16764,1523
16765,1526
16766,1531
16767,1544
16768,1554
16769,1563
16770,1574
16771,1578
16772,1585
16773,1591
16774,1594
16775,1599
16776,1605
16777,1609
16778,1617
16779,1624
16780,1627
16781,1632
16782,1633
16783,1639
16784,1645
16785,1649
16786,1653
16787,1659
16788,1662
16789,1665
16790,1669
16791,1670
16792,1672
16793,1673
16794,1678
16795,1683
16796,1684
16797,1690
16798,1697
16799,1699
16800,1698
16801,1702
16802,1704
16803,1709
16804,1717
16805,1726
16806,1729
16807,1736
16808,1740
16809,1745
16810,1755
16811,1780
16812,1809
16813,1816
16814,1824
16815,1829
16816,1835
16817,1843
16818,1856
16819,1877
16820,1886
16821,1899
16822,1910
16823,1912
16824,1928
16825,1933
16826,1942
16827,1947
16828,1952
16829,1958
16830,1965
16831,1970
16832,1977
16833,1991
16834,2006
16835,2013
16836,2019
16837,2027
16838,2030
16839,2037
16840,2044
16841,2050
16842,2060
16843,2065
16844,2073
16845,2080
16846,2087
16847,2096
16848,2100
16849,2109
16850,2112
16851,2118
16852,2123
16853,2132
16854,2146
16855,2157
16856,2168
16857,2182
16858,2188
16859,2195
16860,2203
16861,2210
16862,2215
16863,2215
16864,2223
16865,2228
16866,2238
16867,2244
16868,2248
16869,2255
16870,2267
16871,2274
16872,2281
16873,2284
16874,2287
16875,2292
16876,2297
16877,2310
16878,2356
16879,2366
16880,2372
16881,2381
16882,2388
16883,2397
16884,2403
16885,2409
16886,2412
16887,2416
16888,2423
16889,2426
16890,2432
16891,2441
16892,2451
16893,2460
16894,2468
16895,2482
16896,2489
16897,2492
16898,2508
16899,2518
16900,2527
16901,2540
16902,2548
16903,2561
16904,2570
16905,2574
16906,2584
16907,2594
16908,2603
16909,2611
16910,2623
16911,2636
16912,2648
16913,2656
16914,2657
16915,2670
16916,2674
16917,2691
16918,2704
16919,2719
16920,2722
16921,2725
16922,2731
16923,2745
16924,2747
16925,2759
16926,2773
16927,2781
16928,2787
16929,2795
16930,2807
16931,2827
16932,2839
16933,2854
16934,2864
16935,2872
16936,2885
16937,2899
16938,2908
16939,2915
16940,2926
16941,2931
16942,2936
16943,2943
16944,2956
16945,2972
16946,3053
16947,3069
16948,3076
16949,3084
16950,3091
16951,3093
16952,3112
16953,3128
16954,3136
16955,3145
16956,3157
16957,3166
16958,3183
16959,3186
16960,3195
16961,3203
16962,3209
16963,3214
16964,3228
16965,3235
16966,3239
16967,3248
16968,3256
16969,3265
16970,3276
16971,3284
16972,3299
16973,3310
16974,3319
16975,3327
16976,3331
16977,3339
16978,3349
16979,3353
16980,3363
16981,3369
16982,3389
16983,3409
16984,3429
16985,3449
16986,3469
16987,3489
16988,3515
16989,3552
16990,3579
16991,3585
16992,3594
16993,3610
16994,3623
16995,3634
16996,3642
16997,3661
16998,3668
16999,3679
17000,3688
17001,3701
17002,3719
17003,3728
17004,3744
17005,3751
17006,3758
17007,3773
17008,3783
17009,3797
17010,3808
17011,3816
17012,3829
17013,3845
17014,3850
17015,3861
17016,3875
17017,3884
17018,3896
17019,3902
17020,3908
17021,3922
17022,3928
17023,3945
17024,3965
17025,3973
17026,3988
17027,3993
17028,4014
17029,4044
17030,4062
17031,4079
17032,4091
17033,4095
17034,4111
17035,4121
17036,4134
17037,4159
17038,4168
17039,4179
17040,4188
17041,4211
17042,4223
17043,4233
17044,4258
17045,4263
17046,4269
17047,4273
17048,4287
17049,4289
17050,4304
17051,4315
17052,4321
17053,4329
17054,4341
17055,4353
17056,4365
17057,4375
17058,4378
17059,4390
17060,4398
17061,4417
17062,4432
17063,4449
17064,4475
17065,4483
17066,4505
17067,4520
17068,4537
17069,4545
17070,4561
17071,4580
17072,4597
17073,4610
17074,4620
17075,4640
17076,4655
17077,4669
17078,4681
17079,4692
17080,4708
17081,4720
17082,4733
17083,4750
17084,4767
17085,4785
17086,4797
17087,4816
17088,4850
17089,4869
17090,4886
17091,4902
17092,4918
17093,4934
17094,4950
17095,4966
17096,4982
17097,4998
17098,5015
17099,5027
17100,5039
17101,5051
17102,5063
17103,5075
17104,5087
17105,5099
17106,5111
17107,5123
17108,5135
17109,5147
17110,5159
17111,5171
17112,5195
17113,5211
17114,5227
17115,5244
17116,5259
17117,5271
17118,5285
17119,5296
17120,5308
17121,5326
17122,5341
17123,5358
17124,5366
17125,5374
17126,5393
17127,5413
17128,5421
17129,5430
17130,5446
17131,5462
17132,5479
17133,5502
17134,5525
17135,5549
17136,5561
17137,5573
17138,5585
17139,5599
17140,5612
17141,5632
17142,5652
17143,5672
17144,5692
17145,5712
17146,5732
17147,5752
17148,5772
17149,5792
17150,5812
17151,5832
17152,5852
17153,5872
17154,5892
17155,5912
17156,5932
17157,5952
17158,5972
17159,5992
17160,6012
17161,6032
17162,6052
17163,6072
17164,6092
17165,6113
17166,6134
17167,6149
17168,6171
17169,6199
17170,6227
17171,6240
17172,6256
17173,6290
17174,6315
17175,6330
17176,6345
17177,6360
17178,6372
17179,6399
17180,6409
17181,6436
17182,6460
17183,6479
17184,6492
17185,6507
17186,6528
17187,6536
17188,6558
17189,6581
17190,6603
17191,6618
17192,6635
17193,6646
17194,6667
17195,6692
17196,6707
17197,6728
17198,6751
17199,6772
17200,6788
17201,6805
17202,6819
17203,6832
17204,6851
17205,6876
17206,6890
17207,6905
17208,6916
17209,6931
17210,6948
17211,6968
17212,6984
17213,7002
17214,7010
17215,7021
17216,7037
17217,7051
17218,7061
17219,7079
17220,7099
17221,7118
17222,7127
17223,7138
17224,7159
17225,7176
17226,7188
17227,7200
17228,7205
17229,7220
17230,7227
17231,7240
17232,7259
17233,7275
17234,7287
17235,7298
17236,7331
17237,7339
17238,7347
17239,7364
17240,7379
17241,7416
17242,7488
17243,7516
17244,7542
17245,7565
17246,7581
17247,7594
17248,7611
17249,7642
17250,7652
17251,7661
17252,7672
17253,7689
17254,7703
17255,7717
17256,7726
17257,7733
17258,7748
17259,7761
17260,7781
17261,7793
17262,7810
17263,7825
17264,7838
17265,7856
17266,7874
17267,7892
17268,7916
17269,7930
17270,7949
17271,7963
17272,7977
17273,7990
17274,8010
17275,8024
17276,8040
17277,8063
17278,8084
17279,8098
17280,8113
17281,8129
17282,8150
17283,8161
17284,8173
17285,8199
17286,8219
17287,8231
17288,8262
17289,8277
17290,8286
17291,8293
17292,8300
17293,8323
17294,8339
17295,8351
17296,8358
17297,8375
17298,8386
17299,8398
17300,8406
17301,8419
17302,8433
17303,8444
17304,8452
17305,8464
17306,8478
17307,8488
17308,8495
17309,8501
17310,8514
17311,8521
17312,8539
17313,8560
17314,8571
17315,8586
17316,8609
17317,8629
17318,8646
17319,8660
17320,8668
17321,8676
17322,8690
17323,8698
17324,8713
17325,8732
17326,8748
17327,8755
17328,8783
17329,8795
17330,8813
17331,8828
17332,8843
17333,8859
17334,8876
17335,8894
17336,8914
17337,8924
17338,8944
17339,8955
17340,8970
17341,8983
17342,8998
17343,9012
17344,9019
17345,9038
17346,9054
17347,9070
17348,9077
17349,9089
17350,9100
17351,9117
17352,9131
17353,9141
17354,9163
17355,9176
17356,9189
17357,9215
17358,9238
17359,9253
17360,9279
17361,9305
17362,9331
17363,9357
17364,9383
17365,9409
17366,9438
17367,9470
17368,9490
17369,9508
17370,9530
17371,9552
17372,9569
17373,9587
17374,9593
17375,9604
17376,9623
17377,9641
17378,9648
17379,9663
17380,9680
17381,9694
17382,9716
17383,9734
17384,9748
17385,9770
17386,9790
17387,9811
17388,9827
17389,9840
17390,9854
17391,9870
17392,9885
17393,9905
17394,9925
17395,9948
17396,9964
17397,9982
17398,10009
17399,10023
17400,10045
17401,10060
17402,10080
17403,10103
17404,10114
17405,10139
17406,10150
17407,10165
17408,10178
17409,10197
17410,10212
17411,10228
17412,10239
17413,10262
17414,10290
17415,10308
17416,10318
17417,10335
17418,10352
17419,10369
17420,10392
17421,10403
17422,10426
17423,10443
17424,10458
17425,10486
17426,10506
17427,10524
17428,10554
17429,10571
17430,10592
17431,10607
17432,10623
17433,10645
17434,10662
17435,10673
17436,10689
17437,10706
17438,10722
17439,10735
17440,10754
17441,10766
17442,10785
17443,10810
17444,10822
17445,10875
17446,10929
17447,10960
17448,10991
17449,11004
17450,11017
17451,11028
17452,11040
17453,11056
17454,11066
17455,11138
17456,11172
17457,11205
17458,11232
17459,11259
17460,11286
17461,11313
17462,11344
17463,11378
17464,11401
17465,11426
17466,11444
17467,11467
17468,11489
17469,11517
17470,11531
17471,11561
17472,11592
17473,11610
17474,11629
17475,11648
17476,11667
17477,11692
17478,11717
17479,11742
17480,11767
17481,11792
17482,11821
17483,11854
17484,11872
17485,11895
17486,11917
17487,11932
17488,11952
17489,11974
17490,11999
17491,12024
17492,12049
17493,12082
17494,12095
17495,12130
17496,12157
17497,12184
17498,12202
17499,12225
17500,12252
17501,12279
17502,12300
17503,12323
17504,12338
17505,12368
17506,12388
17507,12407
17508,12423
17509,12445
17510,12464
17511,12490
17512,12511
17513,12538
17514,12555
17515,12587
17516,12610
17517,12629
17518,12660
17519,12681
17520,12706
17521,12733
17522,12754
17523,12779
17524,12797
17525,12815
17526,12834
17527,12863
17528,12889
17529,12916
17530,12952
17531,12979
17532,13011
17533,13052
17534,13084
17535,13118
17536,13147
17537,13161
17538,13183
17539,13210
17540,13233
17541,13264
17542,13298
17543,13332
17544,13370
17545,13396
17546,13430
17547,13472
17548,13507
17549,13525
17550,13548
17551,13575
17552,13602
17553,13636
17554,13677
17555,13719
17556,13743
17557,13763
17558,13792
17559,13836
17560,13885
17561,13918
17562,13948
17563,13971
17564,13989
17565,14017
17566,14043
17567,14058
17568,14076
17569,14106
17570,14137
17571,14148
17572,14157
17573,14187
17574,14210
17575,14233
17576,14254
17577,14282
17578,14312
17579,14330
17580,14366
17581,14400
17582,14430
17583,14453
17584,14488
17585,14515
17586,14542
17587,14569
17588,14596
17589,14623
17604,15033
17605,15059
17606,15104
17607,15131
17608,15168
17609,15196
17610,15219
17611,15254
17612,15289
17613,15316
17614,15344
17615,15345
17616,15388
17617,15419
17618,15456
17619,15483
17620,15506
17621,15546
17622,15574
17623,15619
17624,15643
17625,15660
17626,15678
17627,15706
17628,15733
17629,15759
17630,15799
17631,15828
17632,15873
17633,15911
17634,15951
17635,15967
17636,16006
17637,16039
17638,16079
17639,16103
17640,16125
17641,16162
17642,16200
17643,16230
17644,16273
17645,16309
17646,16348
17647,16389
17648,16411
17649,16440
17650,16472
17651,16527
17652,16555
17653,16590
17654,16624
17655,16658
17656,16690
17657,16718
17658,16749
17659,16779
17660,16805
17661,16834
17662,16867
17663,16904
17664,16923
17665,16956
17666,17011
17667,17047
17668,17057
17669,17107
17670,17133
17671,17150
17672,17190
17673,17224
17674,17254
17675,17291
17676,17319
17677,17344
17678,17365
17679,17426
17680,17452
17681,17498
17682,17568
17683,17600
17684,17629
17685,17662
17686,17667
17687,17713
17688,17753
17689,17788
17690,17824
17691,17865
17692,17900
17693,17925
17694,17954
17695,17980
17696,18024
17697,18058
17698,18093
17699,18117
17700,18144
17701,18180
17702,18214
17703,18245
17704,18284
17705,18299
17706,18316
17707,18367
17708,18409
17709,18452
17710,18490
17711,18516
17712,18536
17713,18564
17714,18599
17715,18630
17716,18667
17717,18695
17718,18728
17719,18757
17720,18794
17721,18813
17722,18844
17723,18874
17724,18908
17725,18940
17726,18971
17727,19008
17728,19032
17729,19054
17730,19099
17731,19132
17732,19181
17733,19237
17734,19258
17735,19284
17736,19324
17737,19364
17738,19390
17739,19430
17740,19465
17741,19496
17742,19552
17743,19591
17744,19635
17745,19673
17746,19706
17747,19738
17748,19774
17749,19808
17750,19837
17751,19868
17752,19913
17753,19969
17754,20007
17755,20050
17756,20105
17757,20147
17758,20175
17759,20218
17760,20249
17761,20286
17762,20324
17763,20361
17764,20408
17765,20444
17766,20478
17767,20512
17768,20554
17769,20586
17770,20621
17771,20678
17772,20703
17773,20755
17774,20785
17775,20823
17776,20864
17777,20907
17778,20943
17780,21056
17781,21101
17782,21130
17783,21160
17788,21364
17798,21742
17799,21776
17800,21811
17801,21847
17802,21872
17803,21904
17804,21934
17805,21971
17806,22008
17807,22054
17808,22098
17809,22152
17810,22175
17811,22228
17812,22280
17813,22325
17814,22375
17815,22415
17816,22466
17817,22510
17818,22553
17819,22614
17820,22658
17821,22697
17822,22744
17823,22782
17824,22829
17825,22872
17826,22916
17827,22956
17828,23004
17829,23040
17830,23085
17831,23136
17832,23192
17833,23263
17834,23325
17835,23375
17836,23416
17837,23460
17838,23497
17839,23554
17840,23604
17841,23642
17842,23689
17843,23740
17844,23769
17845,23787
17846,23815
17847,23886
17848,24113
17849,24150
17850,24202
17851,24249
17852,24291
17853,24325
17854,24359
17855,24412
17856,24462
17857,24495
17858,24530
17859,24573
17860,24628
17861,24729
17862,24782
17863,24822
17864,24859
17865,24904
17866,24931
17867,24973
17868,25032
17869,25076
17870,25120
17871,25156
17872,25195
17873,25226
17874,25279
17875,25339
17876,25384
17877,25431
17878,25463
17879,25511
17880,25543
17881,25567
17882,25611
17883,25658
17884,25696
17885,25736
17886,25780
17887,25798
17888,25833
17889,25889
17890,25918
17891,25956
17892,26007
17893,26070
17894,26124
17895,26173
17896,26217
17897,26271
17898,26336
17899,26392
17900,26462
17901,26508
17902,26601
17903,26672
17904,26746
17905,26800
17906,26891
17907,26963
17908,27020
17909,27107
17910,27209
17911,27292
17912,27360
17913,27430
17914,27484
17915,27548
17916,27617
17917,27687
17918,27791
17919,27861
17920,27914
17921,27972
17922,28048
17923,28136
17924,28215
17925,28279
17926,28342
17927,28410
17928,28461
17929,28495
17930,28553
17931,28650
17932,28716
17933,28775
17934,28839
17935,28891
17936,28956
17937,29027
17938,29082
17939,29232
17940,29362
17941,29461
17942,29545
17943,29606
17944,29680
17945,29765
17946,29842
17947,29931
17948,29999
17949,30047
17950,30101
17951,30161
17952,30217
17953,30298
17954,30367
17955,30423
17956,30468
17957,30528
17958,30596
17959,30659
17960,30711
17961,30764
17962,30831
17963,30919
17964,30976
17965,31030
17966,31088
17967,31153
17968,31202
17969,31308
17970,31385
17971,31442
17972,31510
17973,31629
17974,31689
17975,31765
17976,31858
17977,31900
17978,31948
17979,32002
17980,32061
17981,32104
17982,32144
17983,32205
17984,32249
17985,32309
17986,32388
17987,32450
17988,32500
17989,32555
17990,32590
17991,32647
17992,32680
17993,32726
17994,32787
17995,32830
17996,32893
17997,32961
17998,33017
17999,33078
18000,33121
18001,33184
18002,33267
18003,33323
18004,33376
18005,33439
18006,33480
18007,33548
18008,33593
18009,33648
18010,33709
18011,33754
18012,33794
18013,33827
18014,33863
18015,33947
18016,34040
18017,34185
18018,34260
18019,34319
18020,34381
18021,34456
18022,34536
18023,34590
18024,34662
18025,34713
18026,34768
18027,34804
18028,34848
18029,34922
18030,34980
18031,35031
18032,35072
18033,35101
18034,35148
18035,35205
18036,35266
18037,35329
18038,35383
18039,35442
18040,35524
18041,35567
18042,35606
18043,35657
18044,35721
18045,35780
18046,35833
18047,35890
18048,35938
18049,35993
18050,36053
18051,36108
18052,36178
18053,36231
18054,36312
18055,36361
18056,36409
18057,36460
18058,36542
18059,36598
18060,36655
18061,36709
18062,36757
18063,36825
18064,36887
18065,36962
18066,37014
18067,37073
18068,37119
18069,37155
18070,37216
18071,37300
18072,37357
18073,37415
18074,37482
18075,37511
18076,37590
18077,37685
18078,37744
18079,37823
18080,37897
18081,37965
18082,38025
18083,38087
18084,38152
18085,38216
18086,38290
18087,38351
18088,38416
18089,38512
18090,38565
18091,38630
18092,38729
18093,38803
18094,38902
18095,38964
18096,39023
18097,39067
18098,39127
18099,39219
18100,39294
18101,39355
18102,39433
18103,39472
18104,39530
18105,39593
18106,39689
18107,39764
18108,39841
18109,39922
18110,39992
18111,40049
18112,40106
18113,40151
18114,40202
18115,40269
18116,40324
18117,40385
18118,40439
18119,40510
18120,40640
18121,40753
18122,40861
18123,40949
18124,41040
18125,41116
18126,41198
18127,41286
18128,41368
18129,41441
18130,41505
18131,41577
18132,41673
18133,41732
18134,41813
18135,41872
18136,41964
18137,42058
18138,42142
18139,42211
18140,42275
18141,42358
18142,42442
18143,42546
18144,42640
18145,42716
18146,42828
18147,42909
18148,43008
18149,43114
18150,43211
18151,43315
18152,43399
18153,43471
18154,43531
18155,43626
18156,43720
18157,43789
18158,43880
18159,43938
18160,43981
18161,44044
18162,44117
18163,44180
18164,44238
18165,44296
18166,44344
18167,44397
18168,44439
18169,44514
18170,44581
18171,44646
18172,44706
18173,44769
18174,44832
18175,44886
18176,44949
18177,45010
18178,45080
18179,45135
18180,45201
18181,45266
18182,45338
18183,45412
18184,45487
18185,45545
18186,45631
18187,45706
18188,45754
18189,45821
18190,45896
18191,45970
18192,46041
18193,46106
18194,46169
18195,46224
18196,46289
18197,46361
18198,46422
18199,46486
18200,46540
18201,46598
18202,46660
18203,46736
18204,46819
18205,46892
18206,46983
18207,47072
18208,47158
18209,47241
18210,47306
18211,47394
18212,47481
18213,47538
18214,47612
18215,47685
18216,47748
18217,47831
18218,47909
18219,48022
18220,48134
18221,48218
18222,48274
18223,48338
18224,48389
18225,48467
18226,48563
18227,48641
18228,48696
18229,48769
18230,48812
18231,48885
18232,48954
18233,49021
18234,49107
18235,49178
18236,49250
18237,49313
18238,49396
18239,49479
18240,49532
18241,49611
18242,49664
18243,49740
18244,49794
18245,49854
18246,49934
18247,49999
18248,50054
18249,50115
18250,50178
18251,50231
18252,50280
18253,50340
18254,50407
18255,50461
18256,50525
18257,50607
18258,50688
18259,50743
18260,50813
18261,50886
18262,50988
18263,51105
18264,51182
18265,51248
18266,51320
18267,51406
18268,51472
18269,51546
18270,51639
18271,51709
18272,51798
18273,51892
18274,51962
18275,52057
18276,52133
18277,52199
18278,52275
18279,52348
18280,52412
18281,52490
18282,52580
18283,52660
18284,52729
18285,52819
18286,52883
18287,52947
18288,53014
18289,53084
18290,53185
18291,53281
18292,53345
18293,53421
18294,53440
18295,53571
18296,53658
18297,53750
18298,53837
18299,53891
18300,53963
18301,54049
18302,54154
18303,54249
18304,54359
18305,54437
18306,54522
18307,54597
18308,54694
18309,54794
18310,54880
18311,54956
18312,55045
18313,55111
18314,55185
18315,55290
18316,55360
18317,55433
18318,55529
18319,55598
18320,55677
18321,55731
18322,55813
18323,55903
18324,55974
18325,56033
18326,56105
18327,56173
18328,56247
18329,56332
18330,56399
18331,56459
18332,56616
18333,56772
18334,56865
18335,56926
18336,56993
18337,57043
18338,57102
18339,57149
18340,57210
18341,57261
18342,57323
18343,57410
18344,57474
18345,57540
18346,57621
18347,57690
18348,57763
18349,57846
18350,57910
18351,57966
18352,58053
18353,58128
18354,58209
18355,58286
18356,58356
18357,58443
18358,58533
18359,58626
18360,58717
18361,58822
18362,58913
18363,59002
18364,59094
18365,59190
18366,59325
18367,59414
18368,59536
18369,59635
18370,59746
18371,59843
18372,59931
18373,60044
18374,60165
18375,60264
18376,60353
18377,60455
18378,60539
18379,60639
18380,60735
18381,60845
18382,60951
18383,61054
18384,61119
18385,61217
18386,61324
18387,61391
18388,61462
18389,61549
18390,61632
18391,61766
18392,61889
18393,61992
18394,62095
18395,62220
18396,62301
18397,62399
18398,62506
18399,62630
18400,62745
18401,62855
18402,62978
18403,63050
18404,63129
18405,63231
18406,63316
18407,63411
18408,63512
18409,63614
18410,63711
18411,63810
18412,63884
18413,63962
18414,64065
18415,64164
18416,64295
18417,64408
18418,64520
18419,64634
18420,64775
18421,64872
18422,64986
18423,65085
18424,65175
18425,65266
18426,65360
18427,65484
18428,65582
18429,65698
18430,65822
18431,65923
18432,66015
18433,66133
18434,66236
18435,66341
18436,66439
18437,66552
18438,66669
18439,66752
18440,66850
18441,66969
18442,67063
18443,67146
18444,67255
18445,67345
18446,67442
18447,67506
18448,67587
18449,67677
18450,67830
18451,67963
18452,68074
18453,68164
18454,68256
18455,68320
18456,68411
18457,68498
18458,68584
18459,68674
18460,68782
18461,68875
18462,68952
18463,69060
18464,69148
18465,69241
18466,69332
18467,69418
18468,69502
18469,69583
18470,69686
18471,69772
18472,69879
18473,70010
18474,70094
18475,70166
18476,70269
18477,70366
18478,70460
18479,70566
18480,70692
18481,70785
18482,70872
18483,70956
18484,71059
18485,71159
18486,71255
18487,71358
18488,71434
18489,71515
18490,71592
18491,71708
18492,71803
18493,71921
18494,72016
18495,72133
18496,72228
18497,72335
18498,72430
18499,72548
18500,72643
18501,72727
18502,72825
18503,72908
18504,73012
18505,73080
18506,73190
18507,73281
18508,73392
18509,73502
18510,73594
18511,73687
18512,73782
18513,73860
18514,73958
18515,73998
18516,74084
18520,74369
18523,74717
18526,74958
18530,75274
18534,75664
18535,75737
18536,75825
18537,75932
18538,76002
18539,76089
18540,76183
18541,76277
18542,76367
18543,76434
18544,76523
18545,76626
18546,76744
18547,76832
18548,76939
18549,77031
18550,77126
18551,77214
18552,77307
18553,77373
18554,77459
18555,77585
18556,77706
18557,77795
18558,77894
18559,77979
18560,78059
18561,78103
18563,78309
18566,78577
18569,78778
18571,78987
18572,79056
18573,79110
18574,79169
18575,79256
18576,79334
18577,79411
18578,79501
18579,79576
18580,79644
18581,79740
18582,79814
18583,79897
18584,80002
18585,80075
18586,80158
18587,80236
18588,80311
18589,80396
18590,80483
18591,80562
18592,80639
18593,80734
18594,80823
18595,80910
18596,80990
18597,81115
18598,81124
18600,81294
18601,81442
18602,81464
18606,81832
18610,82172
18612,82475
18617,82875
18618,82982
18619,83061
18620,83161
18621,83225
18622,83306
18623,83418
18624,83512
18625,83620
18626,83769
18627,83871
18628,83954
18629,84061
18630,84183
18631,84297
18632,84391
18633,84488
18634,84586
18635,84671
18636,84779
18637,84858
18638,84984
18639,85141
18640,85245
18641,85374
18642,85454
18651,86349
18656,87132
18661,88073
18662,88269
18663,88410
18664,88540
18665,88685
18666,88813
18667,88948
18668,89067
18669,89207
18670,89341
18671,89450
18672,89568
18673,89697
18674,89829
18675,89941
18676,90061
18677,90159
18678,90298
18679,90450
18680,90571
18681,90684
18682,90799
18683,90938
18684,91035
18685,91134
18686,91239
18687,91347
18688,91472
18689,91627
18690,91747
18691,91811
18692,91897
18693,91982
18694,92109
18695,92216
18696,92299
18697,92414
18698,92498
18699,92600
18700,92708
18701,92788
18702,92934
18703,93039
18704,93138
18705,93233
18706,93319
18707,93431
18708,93506
18709,93599
18710,93674
18711,93761
18712,93849
18713,93928
18714,94022
18715,94144
18716,94296
18717,94462
18718,94581
18719,94681
18720,94754
18721,94838
18722,94962
18723,95059
18724,95157
18725,95279
18726,95348
18727,95438
18728,95510
18729,95611
18730,95692
18731,95780
18732,95897
18733,95995
18734,96066
18735,96150
18736,96265
18737,96384
18738,96471
18739,96558
18740,96625
18741,96682
18742,96773
18743,96865
18744,96958
18745,97053
18746,97175
18747,97255
18748,97325
18749,97423
18750,97517
18751,97623
18752,97721
18753,97817
18754,97907
18755,97995
18756,98073
18757,98142
18758,98243
18759,98324
18760,98389
18761,98484
18762,98553
18763,98624
18764,98698
18765,98781
18766,98837
18767,98914
18768,98978
18769,99046
18770,99129
18771,99228
18772,99295
18773,99383
18774,99467
18775,99535
18776,99603
18777,99671
18778,99735
18779,99802
18780,99873
18781,99945
18782,99997
18783,100054
18784,100132
18785,100216
18786,100302
18787,100387
18788,100473
18789,100546
18790,100610
18791,100667
18792,100746
18793,100820
18794,100903
18795,100963
18796,101031
18797,101097
18798,101165
18799,101236
18800,101312
18801,101392
18802,101488
18803,101576
18804,101654
18805,101727
18806,101802
18807,101891
18808,101977
18809,102051
18810,102129
18811,102191
18812,102248
18813,102338
18814,102420
18815,102542
18816,102628
18817,102708
18818,102847
18819,102931
18820,103003
18821,103069
18822,103131
18823,103219
18824,103294
18825,103366
18826,103436
18827,103536
18828,103652
18829,103754
18830,103830
18831,103913
18832,103986
18833,104095
18834,104179
18835,104244
18836,104336
18837,104432
18838,104502
18839,104572
18840,104656
18841,104736
18842,104826
18843,104907
18844,105006
18845,105074
18846,105155
18847,105228
18848,105311
18849,105387
18850,105474
18851,105549
18852,105637
18853,105706
18854,105788
18855,105884
18856,105952
18857,106035
18858,106119
18859,106192
18860,106247
18861,106320
18862,106420
18863,106515
18864,106597
18865,106669
18866,106745
18867,106806
18868,106873
18869,106955
18870,107022
18871,107096
18872,107166
18873,107260
18874,107328
18875,107397
18876,107460
18877,107537
18878,107622
18879,107701
18880,107780
18881,107879
18882,107983
18883,108078
18884,108132
18885,108191
18886,108283
18887,108362
18888,108504
18889,108584
18890,108642
18891,108766
18892,108834
18893,108931
18894,108988
18895,109051
18896,109114
18897,109177
18898,109252
18899,109331
18900,109414
18901,109497
18902,109561
18903,109613
18904,109692
18905,109758
18906,109831
18907,109885
18908,109943
18909,110003
18910,110068
18911,110144
18912,110211
18913,110320
18914,110426
18915,110505
18916,110574
18917,110672
18918,110749
18919,110820
18920,110891
18921,110961
18922,111025
18923,111065
18924,111103
18925,111163
18926,111225
18927,111298
18928,111375
18929,111447
18930,111505
18931,111561
18932,111635
18933,111701
18934,111787
18935,111862
18936,111924
18937,111986
18938,112043
18939,112091
18940,112169
18941,112250
18942,112316
18943,112377
18944,112436
18945,112503
18946,112597
18947,112686
18948,112763
18949,112824
18950,112905
18951,112975
18952,113027
18953,113099
18954,113173
18955,113264
18956,113347
18957,113411
18958,113489
18959,113541
18960,113629
18961,113717
18962,113793
18963,113881
18964,113954
18965,114026
18966,114104
18967,114204
18968,114282
18969,114359
18970,114440
18971,114524
18972,114619
18973,114702
18974,114828
18975,114934
18976,115035
18977,115141
18978,115242
18979,115333
18980,115412
18981,115477
18982,115569
18983,115646
18984,115722
18985,115766
18986,115838
18987,115895
18988,115976
18989,116059
18990,116152
18991,116251
18992,116314
18993,116392
18994,116474
18995,116587
18996,116676
18997,116752
18998,116837
18999,116944
19000,117020
19001,117125
19002,117230
19003,117335
19004,117440
19005,117547
19006,117639
19007,117752
19008,117856
19009,117956
19010,118049
19011,118130
19012,118247
19013,118330
19014,118417
19015,118502
19016,118584
19017,118691
19018,118796
19019,118891
19020,118982
19021,119083
19022,119189
19023,119285
19024,119390
19025,119496
19026,119598
19027,119677
19028,119736
19029,119814
19030,119899
19031,119992
19032,120096
19033,120191
19034,120278
19035,120363
19036,120446
19037,120530
19038,120711
19039,120940
19040,121155
19041,121303
19042,121441
19043,121566
19044,121695
19045,121813
19046,121918
19047,122055
19048,122134
19049,122205
19050,122269
19051,122344
19052,122409
19053,122499
19054,122592
19055,122655
19056,122724
19057,122781
19058,122876
19059,122950
19060,123015
19061,123116
19062,123237
19063,123335
19064,123435
19065,123531
19066,123599
19067,123686
19068,123793
19069,123882
19070,123951
19071,124009
19072,124083
19073,124182
19074,124254
19075,124340
19076,124414
19077,124495
19078,124583
19079,124651
19080,124750
19081,124815
19082,124901
19083,124986
19084,125055
19085,125124
19086,125200
19087,125281
19088,125338
19089,125418
19090,125465
19091,125519
19092,125574
19093,125649
19094,125718
19095,125788
19096,125840
19097,125905
19098,125964
19099,126041
19100,126084
19101,126161
19102,126231
19103,126289
19104,126334
19105,126396
19106,126440
19107,126526
19108,126567
19109,126651
19110,126697
19111,126775
19112,126830
19113,126884
19114,126960
19115,127022
19116,127087
19117,127136
19118,127207
19119,127292
19120,127361
19121,127417
19122,127481
19123,127554
19124,127655
19125,127725
19126,127788
19127,127848
19128,127931
19129,128016
19130,128076
19131,128153
19132,128237
19133,128287
19134,128383
19135,128459
19136,128532
19137,128603
19138,128662
19139,128724
19140,128761
19141,128801
19142,128882
19143,128961
19144,129010
19145,129082
19146,129149
19147,129227
19148,129272
19149,129322
19150,129392
19151,129457
19152,129506
19153,129573
19154,129641
19155,129687
19156,129747
19157,129793
19158,129836
19159,129885
19160,129941
19161,129985
19162,130047
19163,130104
19164,130158
19165,130202
19166,130279
19167,130334
19168,130397
19169,130451
19170,130512
19171,130579
19172,130640
19173,130684
19174,130738
19175,130799
19176,130878
19177,130924
19178,130960
19179,131026
19180,131070
19181,131144
19182,131190
19183,131247
19184,131316
19185,131388
19186,131466
19187,131530
19188,131609
19189,131679
19190,131740
19191,131804
19192,131870
19193,131927
19194,131996
19195,132056
19196,132112
19197,132164
19198,132229
19199,132288
19200,132339
19201,132410
19202,132478
19203,132533
19204,132604
19205,132661
19206,132722
19207,132794
19208,132860
19209,132934
19210,132987
19211,133046
19212,133096
19213,133148
19214,133213
19215,133273
19216,133325
19217,133395
19218,133449
19219,133524
19220,133579
19221,133636
19222,133708
19223,133751
19224,133858
19225,133912
19226,133957
19227,133991
19228,134060
19229,134116
19230,134173
19231,134222
19232,134291
19233,134350
19234,134410
19235,134469
19236,134524
19237,134580
19238,134640
19239,134691
19240,134753
19241,134834
19242,134878
19243,134938
19244,134995
19245,135051
19246,135105
19247,135178
19248,135217
19249,135283
19250,135334
19251,135387
19252,135450
19253,135509
19254,135560
19255,135620
19256,135688
19257,135760
19258,135822
19259,135896
19260,135950
19261,135997
19262,136053
19263,136101
19264,136173
19265,136213
19266,136261
19267,136313
19268,136377
19269,136436
19270,136494
19271,136556
19272,136602
19273,136642
19274,136714
19275,136777
19276,136831
19277,136896
19278,136951
19279,137026
19280,137092
19281,137160
19282,137215
19283,137258
19284,137338
19285,137417
19286,137487
19287,137553
19288,137613
19289,137687
19290,137742
19291,137797
19292,137843
19293,137902
19294,137941
19295,138012
19296,138083
19297,138148
19298,138207
19299,138273
19300,138336
19301,138400
19302,138462
19303,138520
19304,138598
19305,138646
19306,138719
19307,138766
19308,138821
19309,138897
19310,138954
19311,139006
19312,139067
19313,139114
19314,139171
19315,139232
19316,139304
19317,139358
19318,139428
19319,139503
19320,139574
19321,139637
19322,139682
19323,139766
19324,139836
19325,139906
19326,139984
19327,140063
19328,140129
19329,140183
19330,140247
19331,140299
19332,140428
19333,140486
19334,140554
19335,140665
19336,140744
19337,140830
19338,140894
19339,140981
19340,141065
19341,141135
19342,141199
19343,141258
19344,141328
19345,141402
19346,141485
19347,141542
19348,141603
19349,141681
19350,141754
19351,141801
19352,141865
19353,141941
19354,142009
19355,142099
19356,142164
19357,142220
19358,142312
19359,142401
19360,142479
19361,142557
19362,142649
19363,142716
19364,142800
19365,142878
19366,142945
19367,143004
19368,143074
19369,143132
19370,143197
19371,143252
19372,143325
19373,143390
19374,143514
19375,143594
19376,143676
19377,143749
19378,143793
19379,143844
19380,143909
19381,143996
19382,144054
19383,144144
19384,144215
19385,144308
19386,144356
19387,144418
19388,144487
19389,144568
19390,144620
19391,144694
19392,144759
19393,144836
19394,144931
19395,144988
19396,145060
19397,145111
19398,145171
19399,145224
19400,145297
19401,145351
19402,145415
19403,145504
19404,145583
19405,145646
19406,145694
19407,145787
19408,145852
19409,145933
19410,145994
19411,146069
19412,146154
19413,146216
19414,146288
19415,146350
19416,146406
19417,146471
19418,146534
19419,146590
19420,146646
19421,146706
19422,146799
19423,146889
19424,146936
19425,147002
19426,147063
19427,147127
19428,147212
19429,147276
19430,147308
19431,147393
19432,147434
19433,147504
19434,147579
19435,147646
19436,147732
19437,147809
19438,147868
19439,147951
19440,148015
19441,148093
19442,148177
19443,148279
19444,148363
19445,148424
19446,148496
19447,148566
19448,148621
19449,148689
19450,148763
19451,148869
19452,148960
19453,149041
19454,149098
19455,149162
19456,149237
19457,149328
19458,149402
19459,149492
19460,149542
19461,149606
19462,149676
19463,149759
19464,149832
19465,149921
19466,149985
19467,150055
19468,150130
19469,150216
19470,150267
19471,150323
19472,150416
19473,150473
19474,150551
19475,150613
19476,150693
19477,150773
19478,150862
19479,150937
19480,151023
19481,151113
19482,151194
19483,151270
19484,151341
19485,151431
19486,151481
19487,151563
19488,151626
19489,151706
19490,151782
19491,151874
19492,151947
19493,152028
19494,152075
19495,152138
19496,152228
19497,152298
19498,152377
19499,152438
19500,152519
19501,152599
19502,152669
19503,152738
19504,152792
19505,152844
19506,152899
19507,152961
19508,153019
19509,153074
19510,153142
19511,153229
19512,153313
19513,153363
19514,153404
19515,153483
19516,153594
19517,153677
19518,153773
19519,153853
19520,153878
19521,153886
19522,153894
19523,153902
19524,153909
19525,153917
19526,153925
19527,154128
19528,154303
19529,154397
19530,154475
19531,154552
19532,154624
19533,154714
19534,154845
19535,154922
19536,155007
19537,155132
19538,155222
19539,155306
19540,155417
19541,155537
19542,155647
19543,155716
19544,155823
19545,155940
19546,156053
19547,156154
19548,156251
19549,156337
19550,156439
19551,156521
19552,156645
19553,156747
19554,156824
19555,156936
19556,157052
19557,157129
19558,157201
19559,157256
19560,157318
19561,157398
19562,157468
19563,157574
19564,157719
19565,157804
19566,157907
19567,158068
19568,158205
19569,158308
19570,158408
19571,158530
19572,158653
19573,158777
19574,158893
19575,158995
19576,159103
19577,159243
19578,159345
19579,159401
19586,160197
19587,160317
19588,160392
19589,160462
19590,160570
19591,160677
19592,160768
19593,160853
19594,160927
19595,161052
19596,161181
19597,161297
19598,161372
19599,161465
19600,161566
19601,161647
19602,161735
19603,161886
19604,162003
19605,162078
19606,162156
19607,162195
19608,162228
19609,162313
19610,162348
19611,162390
19612,162454
19613,162518
19614,162594
19615,162660
19616,162701
19617,162762
19618,162816
19619,162887
19620,162961
19621,163088
19622,163174
19623,163245
19624,163354
19625,163446
19626,163529
19627,163586
19628,163666
19629,163750
19630,163838
19631,163916
19632,163976
19633,164031
19634,164117
19635,164210
19636,164306
19637,164390
19638,164491
19639,164570
19640,164652
19641,164744
19642,164848
19643,164926
19644,165007
19645,165114
19646,165177
19647,165271
19648,165384
19649,165473
19650,165653
19651,165809
19652,165987
19653,166116
19654,166279
19655,166608
19656,166790
19657,166930
19658,167100
19659,167229
19660,167380
19661,167488
19662,167586
19663,167721
19664,167826
19665,167938
19666,168037
19667,168115
19668,168196
19669,168309
19670,168417
19671,168497
19672,168565
19673,168667
19674,168778
19675,168872
19676,168971
19677,169084
19678,169156
19679,169213
19680,169320
19681,169426
19682,169575
19683,169708
19684,169808
19685,169912
19686,170048
19687,170149
19688,170235
19689,170314
19690,170447
19691,170638
19692,170772
19693,170888
19694,170989
19695,171082
19696,171184
19697,171309
19698,171446
19699,171582
19700,171737
19701,171887
19702,172014
19703,172148
19704,172206
19705,172447
19706,172598
19707,172765
19708,172902
19709,173003
19710,172964
19711,173101
19712,173219
19713,173370
19714,173511
19715,173664
19716,173816
19717,173963
19718,174096
19719,174250
19720,174406
19721,174569
19722,174745
19723,174905
19724,175057
19725,175205
19726,175416
19727,175570
19728,175589
19729,175727
19730,175843
19731,175929
19732,176126
19733,176292
19734,176422
19735,176559
19736,176699
19737,176829
19738,176954
19739,177113
19740,177230
19741,177376
19742,177510
19743,177636
19744,177763
19745,177887
19746,178012
19747,178136
19748,178263
19749,178402
19750,178515
19751,178615
19752,178775
19753,178898
19754,179026
19755,179168
19756,179308
19757,179473
19758,179621
19759,179788
19760,179948
19761,180077
19762,180204
19763,180320
19764,180441
19765,180600
19766,180734
19767,180841
19768,180942
19769,181066
19770,181117
19771,180862
19772,181021
19773,181172
19774,181298
19775,181454
19776,181661
19777,181833
19778,181974
19779,182124
19780,182289
19781,182415
19782,182549
19783,182681
19784,182817
19785,182959
19786,183117
19787,183281
19788,183418
19789,183568
19790,183724
19791,183868
19792,183984
19793,184092
19794,184220
19795,184335
19796,184453
19797,184553
19798,184646
19799,184752
19800,184871
19801,185015
19802,185119
19803,185231
19804,185351
19805,185454
19806,185567
19807,185715
19808,185883
19809,186037
19810,186156
19811,186293
19812,186416
19813,186563
19814,186706
19815,186862
19816,186975
19817,187164
19818,187330
19819,187485
19820,187609
19821,187741
19822,187879
19823,187989
19824,188117
19825,188278
19826,188489
19827,188605
19828,188732
19829,188861
19830,188979
19831,189112
19832,189230
19833,189334
19834,189447
19835,189594
19836,189740
19837,189854
19838,189981
19839,190116
19840,190224
19841,190343
19842,190501
19843,190660
19844,190834
19845,191075
19846,191206
19847,191313
19848,191432
19849,191541
19850,191637
19851,191722
19852,191869
19853,191979
19854,192085
19855,192203
19856,192288
19857,192393
19858,192523
19859,192664
19860,192786
19861,192879
19862,193035
19863,193157
19864,193287
19865,193407
19866,193536
19867,193668
19868,193763
19869,193880
19870,193998
19871,194104
19872,194211
19873,194356
19874,194492
19875,194602
19876,194721
19877,194875
19878,195019
19879,195165
19880,195307
19881,195461
19882,195647
19883,195741
19884,195870
19885,195999
19886,196091
19887,196211
19888,196313
19889,196432
19890,196502
19891,196572
19892,196670
19893,196769
19894,196871
19895,197002
19896,197133
19897,197230
19898,197356
19899,197502
19900,197848
19901,197957
19902,198069
19903,198176
19904,198311
19905,198404
19906,198517
19907,198667
19908,198795
19909,198938
19910,199076
19911,199202
19912,199315
19913,199403
19914,199538
19915,199640
19916,199755
19917,199866
19918,199998
19919,200108
19920,200269
19921,200433
19922,200555
19923,200672
19924,200786
19925,200928
19926,201056
19927,201192
19928,201328
19929,201429
19930,201560
19931,201694
19932,201856
19933,201991
19934,202121
19935,202263
19936,202389
19937,202507
19938,202634
19939,202764
19940,202885
19941,203025
19942,203161
19943,203296
19944,203420
19945,203537
19946,203689
19947,203828
19948,203893
19949,204010
19950,204130
19951,204232
19952,204362
19953,204503
19954,204641
19955,204810
19956,204982
19957,205256
19958,205480
19959,205692
19960,205879
19961,206061
19962,206252
19963,206456
19964,206632
19965,206754
19966,206930
19967,207127
19968,207340
19969,207524
19970,207679
19971,207848
19972,208045
19973,208239
19974,208433
19975,208617
19976,208781
19977,208948
19978,209106
19979,209240
19980,209402
19981,209588
19982,209771
19983,209915
19984,210053
19985,210186
19986,210303
19987,210451
19988,210636
19989,210801
19990,211739
19991,211919
19992,212070
19993,212202
19994,212358
19995,212525
19996,212691
19997,212838
19998,212996
19999,213145
20000,213278
20030,217360
20031,217521
20032,217675
20033,217849
20034,218005
20035,218180
20036,218302
20037,218428
20038,218594
20039,218729
20040,218880
20041,219035
20042,219208
20043,219370
20044,219577
20045,219764
20046,219931
20047,220121
20048,220254
20049,220422
20050,220574
20051,220756
20052,220913
20053,221071
20054,221200
20055,221360
20056,221557
20057,221713
20058,221845
20059,222022
20060,222196
20061,222363
20062,222531
20063,222686
20064,222884
20065,223162
20066,223414
20067,223643
20068,223866
20069,224026
20070,224180
20071,224326
20072,224479
20073,224715
20074,224929
20075,225130
20076,225371
20077,225628
20078,225883
20079,226138
20080,226345
20081,226516
20082,226686
20083,226856
20084,227074
20085,227295
20086,227526
20087,227727
20088,227945
20089,228143
20090,228385
20091,228605
20092,228774
20093,228959
20094,229154
20095,229336
20096,229552
20097,229771
20098,230013
20099,230223
20100,230436
20101,230658
20102,230873
20103,231033
20104,231208
20105,231387
20106,231563
20107,231826
20108,232115
20109,232303
20110,232451
20111,232588
20112,232744
20113,232881
20114,233064
20115,233270
20116,233457
20117,233652
20118,233834
20119,234019
20120,234211
20121,234370
20122,234561
20123,234745
20124,234897
20125,235046
20126,235187
20127,235325
20128,235446
20129,235608
20130,235771
20131,235921
20132,236106
20133,236246
20134,236400
20135,236536
20136,236697
20137,236869
20138,237036
20139,237189
20140,237351
20141,237506
20142,237684
20143,237879
20144,237989
20145,238194
20146,238433
20147,238589
20148,238778
20149,238950
20150,239107
20151,239325
20152,239494
20153,239681
20154,239843
20155,240025
20156,240184
20157,240377
20158,240535
